Timestamp,Symbol,Interval,Period,Signal,Current Price,Predicted Price,Predicted Change %,Confidence,Direction Confidence,Stop Loss,Take Profit,TP1,TP2,TP3,Risk/Reward Ratio,Potential Profit Pips,Potential Loss Pips,Position Size,Risk Amount,RSI,MACD,MACD Signal,MACD Hist,ATR,Support,Resistance,Trend,Market Session,Prev Open,Prev High,Prev Low,Prev Close,Prev Volume,Model MAE,Model RMSE,Direction Accuracy %,Status,Outcome,Exit Price,Exit Time,Actual P/L,Actual Pips,Trade Duration
2026-04-06 05:00:00+00:00,GC=F,15m,60d,SELL,4689.89990234375,4671.387064135342,-0.2926967442035675,0.23415741324424744,0.5541632771492004,4707.151740293908,4664.022145418512,4672.648064393592,4664.022145418512,4655.396226443433,1.5000000000000526,2587.775692523792,1725.1837950158006,5.796483846469479,100.0,57.94013666246207,-1.053466705021492,-5.443192613615235,4.389725908593743,17.251837950158404,4620.031377548659,4712.288690810716,Uptrend,Sydney,4684.89990234375,4690.7998046875,4683.2998046875,4689.89990234375,329.0,19.292953158555967,24.53581852814213,49.63619827194179,Pending,,,,,,
2026-04-06 05:00:00+00:00,GC=F,30m,60d,SELL,4689.89990234375,4682.316496504936,-0.05941647291183472,0.047533176839351654,0.5643166303634644,4720.1951718684295,4644.45699805673,4659.6046328190705,4644.45699805673,4629.30936329439,1.500000000000015,4544.29042870197,3029.5269524679497,3.3008453652652534,100.0,55.024876173452434,-3.6331250625444227,-5.331967695257521,1.6988426327130979,25.246057937233154,4630.216831842412,4718.263295110713,Uptrend,Sydney,4684.89990234375,4691.0,4683.2998046875,4689.89990234375,382.0,15.21583052595345,23.90412551809465,49.63436928702011,Pending,,,,,,
2026-04-06 05:00:00+00:00,GC=F,1h,3mo,HOLD,4689.10009765625,4684.494954829715,-0.012916537933051586,0.0,0.5170667171478271,0.0,0.0,0.0,0.0,0.0,1.0,468910.009765625,468910.009765625,0.021326053596079756,100.0,50.80808972649945,-9.613572645595013,-11.913607069691377,2.3000344240963635,36.81925588179248,4612.6327468924865,4720.487321466888,Uptrend,Sydney,4684.89990234375,4691.0,4683.2998046875,4689.10009765625,382.0,16.901116438897116,27.319580745733496,47.18772826880935,Ignored,,,,,,
2026-04-06 04:00:00+00:00,GC=F,4h,6mo,BUY,4688.89990234375,4648.594145329262,0.31277021765708923,0.25021615624427795,0.5184653997421265,4588.223466912119,4839.914555491197,4789.576337775381,4839.914555491197,4890.252773207012,1.5,15101.465314744655,10067.643543163103,0.9932810947394894,100.0,53.49237997862942,22.602433286898304,36.670407407700885,-14.067974120802582,67.11762362108735,4572.595660496965,4824.8043395030345,Strong Uptrend,Sydney,4665.2998046875,4691.0,4665.10009765625,4688.89990234375,1816.0,38.69999279750587,49.771516832463796,51.9781718963165,Pending,,,,,,
2026-04-06 06:15:00+00:00,EURUSD=X,15m,60d,HOLD,1.1530035734176636,1.153430626643015,0.03703925758600235,0.0,0.45261234045028687,0.0,0.0,0.0,0.0,0.0,1.0,11530.035734176636,11530.035734176636,86.73000006720365,100.0,61.490254804308584,0.00025511384183474206,0.0001893279779020447,6.578586393269736e-05,0.0003270845029497677,1.1514287817452273,1.1535290372397582,Strong Uptrend,Sydney,1.1528706550598145,1.1530035734176636,1.1528706550598145,1.1530035734176636,230.57347396936632,0.008968180757194999,0.01392017899582749,46.47079899677535,Ignored,,,,,,
2026-04-06 06:00:00+00:00,EURUSD=X,30m,60d,STRONG SELL,1.1530035734176636,1.1299801074784455,-1.9855241775512695,1.0,0.45942914485931396,1.153664862526809,1.1520116397539455,1.152342284308518,1.1520116397539455,1.1510197060902272,1.4999999999996643,9.919336637180809,6.612891091455353,151219.7896759739,100.0,56.00359504353579,1.132178275331519e-05,-0.00019500239964844756,0.00020632418240176275,0.00055107425762121,1.1509363486999786,1.153331176972934,Uptrend,Sydney,1.1527377367019653,1.1531364917755127,1.1527377367019653,1.1530035734176636,807.0237760346446,0.008023867259530556,0.012238194471655285,53.16774658027358,Pending,,,,,,
2026-04-06 06:00:00+00:00,EURUSD=X,1h,3mo,BUY,1.1530035734176636,1.1534782458741688,0.05269748345017433,0.042157988995313644,0.4553260803222656,1.1520471063013173,1.1544382740921828,1.1539600405340098,1.1544382740921828,1.154916507650356,1.4999999999998839,14.347006745192292,9.564671163462268,104551.42502128791,100.0,50.911048201686384,-0.00040387944803499387,-0.000580503576934261,0.00017662412889926714,0.0007970559302885087,1.1506080713599764,1.1545635256439601,Uptrend,Sydney,1.1527377367019653,1.1531364917755127,1.1527377367019653,1.1530035734176636,807.0237760346446,0.0009299830604541084,0.0012406643707957023,44.97991967871486,Pending,,,,,,
2026-04-06 03:00:00+00:00,EURUSD=X,4h,6mo,BUY,1.1530035734176636,1.1580605813022657,0.4849238395690918,0.38793906569480896,0.4965559244155884,1.149427277964044,1.158368016598093,1.1565798688712832,1.158368016598093,1.1601561643249028,1.5,53.6444318042939,35.762954536195934,27961.89556955908,100.0,47.521461143453415,-0.00039000188980065076,-2.7373187116781688e-05,-0.0003626287026838691,0.0023841969690797577,1.1491509183764022,1.1616020694852311,Strong Downtrend,Sydney,1.1524720191955566,1.1532695293426514,1.1520737409591675,1.1530035734176636,6915.6283983929,0.0059944036085253175,0.006452104194644361,47.06666666666667,Pending,,,,,,
2026-04-06 06:30:00+00:00,EURUSD=X,15m,60d,HOLD,1.1527377367019653,1.1529482596174034,0.018259510397911072,0.0,0.45220473408699036,0.0,0.0,0.0,0.0,0.0,1.0,11527.377367019653,11527.377367019653,86.75000116340817,100.0,55.46650740891631,0.0002192845452875236,0.00019192627574861874,2.7358269538904872e-05,0.00033084751964705396,1.1516601055492965,1.1534171134601028,Downtrend,Sydney,1.1526048183441162,1.1527377367019653,1.1526048183441162,1.1527377367019653,230.6266503573291,0.00895500644570723,0.013897572318106809,46.44456385455848,Ignored,,,,,,
2026-04-06 06:30:00+00:00,EURUSD=X,30m,60d,STRONG SELL,1.1527377367019653,1.1301750943986377,-1.9573111534118652,1.0,0.45936086773872375,1.1533737630930816,1.151783697115291,1.152101710310849,1.151783697115291,1.1508296575286165,1.4999999999998255,9.540395866742823,6.3602639111626225,157226.18022892784,100.0,52.937046491323315,1.1554222162590833e-05,-0.00015708409091679716,0.000168638313079388,0.0005300219925968698,1.1509825304632848,1.153351347100192,Uptrend,Sydney,1.1526048183441162,1.1527377367019653,1.1526048183441162,1.1527377367019653,230.6266503573291,0.008008911810979702,0.012217502803155424,53.11263044260526,Pending,,,,,,
2026-04-06 06:00:00+00:00,EURUSD=X,1h,3mo,BUY,1.1527377367019653,1.1534782458741688,0.05269748345017433,0.042157988995313644,0.4553260803222656,1.1517698765835178,1.1541895268796367,1.1537055968204128,1.1541895268796367,1.1546734569388604,1.5000000000001148,14.51790177671386,9.678601184475166,103320.71556001676,100.0,48.66729744237628,-0.0004250857957259768,-0.0005847448464724577,0.00015965905074648084,0.0008065500987063031,1.1506026315880353,1.1545423817443314,Uptrend,Sydney,1.1527377367019653,1.1531364917755127,1.1526048183441162,1.1527377367019653,1268.2571334961867,0.0009299830604541084,0.0012406643707957023,44.97991967871486,Pending,,,,,,
2026-04-06 03:00:00+00:00,EURUSD=X,4h,6mo,BUY,1.1527377367019653,1.1580605813022657,0.4849238395690918,0.38793906569480896,0.4965559244155884,1.1491614412483457,1.1581021798823947,1.156314032155585,1.1581021798823947,1.1598903276092045,1.5,53.6444318042939,35.762954536195934,27961.89556955908,100.0,46.77310991418651,-0.00041120823749185575,-3.161445665502269e-05,-0.0003795937808368331,0.0023841969690797577,1.1491163195219123,1.1616100846681512,Strong Downtrend,Sydney,1.1524720191955566,1.1532695293426514,1.1520737409591675,1.1527377367019653,7376.861755854441,0.0059944036085253175,0.006452104194644361,47.06666666666667,Pending,,,,,,
2026-04-06 06:30:00+00:00,EURUSD=X,15m,60d,HOLD,1.1527377367019653,1.1529482596174034,0.018259510397911072,0.0,0.45220473408699036,0.0,0.0,0.0,0.0,0.0,1.0,11527.377367019653,11527.377367019653,86.75000116340817,100.0,55.46650740891631,0.0002192845452875236,0.00019192627574861874,2.7358269538904872e-05,0.00033084751964705396,1.1516601055492965,1.1534171134601028,Downtrend,Sydney,1.1526048183441162,1.1527377367019653,1.1526048183441162,1.1527377367019653,230.6266503573291,0.00895500644570723,0.013897572318106809,46.44456385455848,Ignored,,,,,,
2026-04-06 06:30:00+00:00,EURUSD=X,30m,60d,STRONG SELL,1.1527377367019653,1.1301750943986377,-1.9573111534118652,1.0,0.45936086773872375,1.1533737630930816,1.151783697115291,1.152101710310849,1.151783697115291,1.1508296575286165,1.4999999999998255,9.540395866742823,6.3602639111626225,157226.18022892784,100.0,52.937046491323315,1.1554222162590833e-05,-0.00015708409091679716,0.000168638313079388,0.0005300219925968698,1.1509825304632848,1.153351347100192,Uptrend,Sydney,1.1526048183441162,1.1527377367019653,1.1526048183441162,1.1527377367019653,230.6266503573291,0.008008911810979702,0.012217502803155424,53.11263044260526,Pending,,,,,,
2026-04-06 06:00:00+00:00,EURUSD=X,1h,3mo,BUY,1.1527377367019653,1.1534782458741688,0.05269748345017433,0.042157988995313644,0.4553260803222656,1.1517698765835178,1.1541895268796367,1.1537055968204128,1.1541895268796367,1.1546734569388604,1.5000000000001148,14.51790177671386,9.678601184475166,103320.71556001676,100.0,48.66729744237628,-0.0004250857957259768,-0.0005847448464724577,0.00015965905074648084,0.0008065500987063031,1.1506026315880353,1.1545423817443314,Uptrend,Sydney,1.1527377367019653,1.1531364917755127,1.1526048183441162,1.1527377367019653,1268.2571334961867,0.0009299830604541084,0.0012406643707957023,44.97991967871486,Pending,,,,,,
2026-04-06 03:00:00+00:00,EURUSD=X,4h,6mo,BUY,1.1527377367019653,1.1580605813022657,0.4849238395690918,0.38793906569480896,0.4965559244155884,1.1491614412483457,1.1581021798823947,1.156314032155585,1.1581021798823947,1.1598903276092045,1.5,53.6444318042939,35.762954536195934,27961.89556955908,100.0,46.77310991418651,-0.00041120823749185575,-3.161445665502269e-05,-0.0003795937808368331,0.0023841969690797577,1.1491163195219123,1.1616100846681512,Strong Downtrend,Sydney,1.1524720191955566,1.1532695293426514,1.1520737409591675,1.1527377367019653,7376.861755854441,0.0059944036085253175,0.006452104194644361,47.06666666666667,Pending,,,,,,
2026-04-06 06:30:00+00:00,GBPUSD=X,15m,60d,SELL,1.3214298486709595,1.3186883309302289,-0.21049830317497253,0.1683986335992813,0.530653178691864,1.321827011959913,1.3208341037375293,1.321032685382006,1.3208341037375293,1.3202383588040991,1.5,5.9574493343017565,3.9716328895345043,251785.6075356464,100.0,59.241410143662335,0.0004304660914995484,0.0004250891843470859,5.376907152462493e-06,0.00039716328895343715,1.320066185735175,1.3222713153138668,Downtrend,Sydney,1.3212745189666748,1.3214455842971802,1.3212745189666748,1.3214298486709595,247.01519175005345,0.010336442526750343,0.014215587765668204,50.36718610066273,Pending,,,,,,
2026-04-06 06:30:00+00:00,GBPUSD=X,30m,60d,STRONG SELL,1.3214298486709595,1.2952233047397073,-1.9861774444580078,1.0,0.4870457649230957,1.3221717689200818,1.3203169682972757,1.3206879284218371,1.3203169682972757,1.3192040879235922,1.5000000000002993,11.128803736837334,7.419202491223409,134785.37635048458,100.0,57.55992656220113,0.0002359726335416923,-1.6752813679611243e-05,0.00025272544722130353,0.0006182668742686998,1.3181527213443922,1.3223845167766406,Strong Uptrend,Sydney,1.3212745189666748,1.3214455842971802,1.3212745189666748,1.3214298486709595,247.01519175005345,0.01401500513932903,0.016792991034156882,51.56531126304426,Pending,,,,,,
2026-04-06 06:00:00+00:00,GBPUSD=X,1h,3mo,SELL,1.3214298486709595,1.3209156244641562,-0.05186121538281441,0.041488971561193466,0.5056273937225342,1.3226338253712593,1.3196238836205099,1.3202258719706597,1.3196238836205099,1.31902189527036,1.4999999999999079,18.059650504496094,12.039767002998136,83058.08573795328,100.0,51.75794422089069,-0.0004175048838064299,-0.0007417685829404358,0.0003242636991340059,0.001003313916916421,1.3178646800751048,1.3232486488586108,Uptrend,Sydney,1.3215818405151367,1.3218543529510498,1.3212745189666748,1.3214298486709595,1350.400464763662,0.0023843686491389683,0.0034524274701726795,49.531459170013385,Pending,,,,,,
2026-04-06 03:00:00+00:00,GBPUSD=X,4h,6mo,BUY,1.3214298486709595,1.3242376060952665,0.23497997224330902,0.18798397481441498,0.5197740197181702,1.3166116687263085,1.328657118587936,1.3262480286156104,1.328657118587936,1.3310662085602611,1.5,72.2726991697642,48.181799446509466,20754.725051524514,100.0,44.79534916396795,-0.0016999383442468652,-0.001597162805331594,-0.00010277553891527118,0.0032121199631005826,1.3159033443535115,1.3324881408607219,Strong Downtrend,Sydney,1.321204662322998,1.3220815658569336,1.3205660581588745,1.3214298486709595,8485.443531383524,0.003577070190150777,0.004415282722838119,50.466045272969374,Pending,,,,,,
2026-04-06 06:30:00+00:00,GBPUSD=X,15m,60d,SELL,1.3214298486709595,1.3186883309302289,-0.21049830317497253,0.1683986335992813,0.530653178691864,1.321827011959913,1.3208341037375293,1.321032685382006,1.3208341037375293,1.3202383588040991,1.5,5.9574493343017565,3.9716328895345043,251785.6075356464,100.0,59.241410143662335,0.0004304660914995484,0.0004250891843470859,5.376907152462493e-06,0.00039716328895343715,1.320066185735175,1.3222713153138668,Downtrend,Sydney,1.3212745189666748,1.3214455842971802,1.3212745189666748,1.3214298486709595,247.01519175005345,0.010336442526750343,0.014215587765668204,50.36718610066273,Pending,,,,,,
2026-04-06 06:30:00+00:00,GBPUSD=X,30m,60d,STRONG SELL,1.3214298486709595,1.2952233047397073,-1.9861774444580078,1.0,0.4870457649230957,1.3221717689200818,1.3203169682972757,1.3206879284218371,1.3203169682972757,1.3192040879235922,1.5000000000002993,11.128803736837334,7.419202491223409,134785.37635048458,100.0,57.55992656220113,0.0002359726335416923,-1.6752813679611243e-05,0.00025272544722130353,0.0006182668742686998,1.3181527213443922,1.3223845167766406,Strong Uptrend,Sydney,1.3212745189666748,1.3214455842971802,1.3212745189666748,1.3214298486709595,247.01519175005345,0.01401500513932903,0.016792991034156882,51.56531126304426,Pending,,,,,,
2026-04-06 06:00:00+00:00,GBPUSD=X,1h,3mo,SELL,1.3212692737579346,1.3209156244641562,-0.05186121538281441,0.041488971561193466,0.5056273937225342,1.3224737000475548,1.319462634323504,1.3200648474683143,1.319462634323504,1.318860421178694,1.5000000000000921,18.066394344304904,12.044262896202529,83027.08174157282,100.0,50.76249361930392,-0.0004303142785775371,-0.0007443304618946573,0.00031401618331712013,0.0010036885746835806,1.3178661752105112,1.323231096231902,Uptrend,Sydney,1.3215818405151367,1.3218543529510498,1.3212692737579346,1.3212692737579346,1350.400464763662,0.0023843686491389683,0.0034524274701726795,49.531459170013385,Pending,,,,,,
2026-04-06 03:00:00+00:00,GBPUSD=X,4h,6mo,BUY,1.3212692737579346,1.3242376060952665,0.23497997224330902,0.18798397481441498,0.5197740197181702,1.3164510938132836,1.328496543674911,1.3260874537025855,1.328496543674911,1.3309056336472362,1.5,72.2726991697642,48.181799446509466,20754.725051524514,100.0,44.42491522876751,-0.0017127477390181944,-0.0015997246842858598,-0.00011302305473233462,0.0032121199631005826,1.3158843156965967,1.3324911120263343,Strong Downtrend,Sydney,1.321204662322998,1.3220815658569336,1.3205660581588745,1.3212692737579346,8485.443531383524,0.003577070190150777,0.004415282722838119,50.466045272969374,Pending,,,,,,
2026-04-06 08:30:00+00:00,GC=F,15m,60d,SELL,4719.2998046875,4702.04195392548,-0.31922250986099243,0.25537800788879395,0.5518739819526672,4733.570533343723,4697.893711703166,4705.029076031277,4697.893711703166,4690.758347375056,1.499999999999968,2140.6092984333554,1427.0728656222673,7.007350669259313,100.0,65.70962091470724,11.010483849260709,7.340907218479201,3.669576630781508,14.270728656222337,4657.134851169071,4720.145178127804,Strong Uptrend,Tokyo,4717.0,4721.0,4715.89990234375,4719.2998046875,175.0,19.292920062520185,24.483173252573078,49.898305084745765,Pending,,,,,,
2026-04-06 08:30:00+00:00,GC=F,30m,60d,HOLD,4719.2001953125,4715.894197802612,-0.025563709437847137,0.0,0.5626765489578247,0.0,0.0,0.0,0.0,0.0,1.0,471920.01953125,471920.01953125,0.02119003133186176,100.0,60.5402160008461,9.280177843461388,3.5573664868172017,5.722811356644186,22.260624894335972,4623.579076093152,4724.220972734973,Strong Uptrend,Tokyo,4717.0,4721.0,4715.89990234375,4719.2001953125,175.0,15.213740154821204,23.886576571926437,49.568378009995456,Ignored,,,,,,
2026-04-06 08:00:00+00:00,GC=F,1h,3mo,HOLD,4719.2001953125,4709.891576439142,-0.012916537933051586,0.0,0.5170667171478271,0.0,0.0,0.0,0.0,0.0,1.0,471920.01953125,471920.01953125,0.02119003133186176,100.0,57.973434009061165,0.3563484623809927,-6.866155290281716,7.222503752662709,33.613708066895654,4632.006042298061,4726.793957701938,Uptrend,Tokyo,4710.39990234375,4722.0,4704.7001953125,4719.2001953125,2280.0,16.89265618432707,27.278768085224954,47.011661807580175,Ignored,,,,,,
2026-04-06 08:00:00+00:00,GC=F,4h,6mo,BUY,4719.2001953125,4725.316110432148,0.3145391047000885,0.2516312897205353,0.5181707143783569,4620.765866877409,4866.851687965136,4817.634523747591,4866.851687965136,4916.068852182682,1.5,14765.149265263608,9843.432843509072,1.0159057474135327,100.0,56.07718507642099,26.813258131786824,35.6207676201722,-8.807509488385378,65.62288562339398,4594.084286737865,4821.145693730885,Strong Uptrend,Tokyo,4710.39990234375,4722.0,4704.7001953125,4719.2001953125,2280.0,38.66053691309134,49.744144941924716,52.11459754433834,Pending,,,,,,
2026-04-06 10:15:00+00:00,GC=F,15m,60d,SELL,4715.5,4695.648602862668,-0.36392858624458313,0.29114288091659546,0.5517648458480835,4727.300147937561,4697.799778093659,4703.699852062439,4697.799778093659,4691.8997041248795,1.4999999999999614,1770.022190634063,1180.0147937560723,8.474470026065756,100.0,58.476664861203886,12.17735091394843,12.010628789626185,0.16672212432224498,11.80014793756035,4665.369492944768,4741.640467992731,Downtrend,London,4713.2001953125,4716.7001953125,4712.7998046875,4715.5,66.0,19.319355300589656,24.50412089858887,49.90974729241877,Pending,,,,,,
2026-04-06 10:00:00+00:00,GC=F,30m,60d,HOLD,4715.5,4719.226965870475,-0.014255475252866745,0.0,0.5614671111106873,0.0,0.0,0.0,0.0,0.0,1.0,471550.0,471550.0,0.02120665889089174,100.0,57.84916160641258,12.718279910988713,7.906318389774809,4.811961521213904,20.367459926568312,4638.874861251983,4735.435148513641,Strong Uptrend,London,4720.0,4723.89990234375,4712.39990234375,4715.5,687.0,15.204546342114073,23.874280002649627,49.45553539019964,Ignored,,,,,,
2026-04-06 10:00:00+00:00,GC=F,1h,3mo,HOLD,4716.5,4719.290264660813,-0.012916537933051586,0.0,0.5170667171478271,0.0,0.0,0.0,0.0,0.0,1.0,471650.0,471650.0,0.0212021626205873,100.0,56.84860828127232,4.8670867763130445,-2.8747120374381816,7.741798813751226,31.038842590205945,4639.6442987144355,4733.0556524574395,Uptrend,London,4720.0,4723.89990234375,4712.39990234375,4716.5,695.0,16.890975362044024,27.278709315036927,47.011661807580175,Ignored,,,,,,
2026-04-06 08:00:00+00:00,GC=F,4h,6mo,BUY,4716.5,4725.316671967506,0.3145436644554138,0.25163495540618896,0.5181711912155151,4616.876375387454,4865.9354369188195,4816.123624612546,4865.9354369188195,4915.747249225093,1.5,14943.54369188195,9962.362461254634,1.0037779732359413,100.0,55.83142588158518,26.597857935918,35.577687580998436,-8.979829645080436,66.41574974169755,4593.998294676584,4820.961666260916,Strong Uptrend,Tokyo,4710.39990234375,4733.10009765625,4704.7001953125,4716.5,7371.0,38.65803212132814,49.7415950095312,52.11459754433834,Pending,,,,,,
2026-04-06 10:45:00+00:00,EURUSD=X,15m,60d,STRONG BUY,1.1546010971069336,1.1613293198956853,0.5014380216598511,0.5014380216598511,0.4531899094581604,1.1540348234644064,1.1554505075707244,1.1551673707494607,1.1554505075707244,1.1562999180345153,1.500000000000196,8.49410463790834,5.662736425271486,176593.06824475015,100.0,50.05303489690044,0.0006102462411909926,0.0007798938331919731,-0.00016964759200098056,0.0005662736425271967,1.1525138980349166,1.1574777358571429,Downtrend,London,1.155401587486267,1.155401587486267,1.1546010971069336,1.1546010971069336,1386.128916078667,0.008913044471839538,0.013811617999300906,46.44642857142857,Pending,,,,,,
2026-04-06 10:30:00+00:00,EURUSD=X,30m,60d,STRONG SELL,1.1546010971069336,1.1320452467052604,-1.99884033203125,1.0,0.4595297574996948,1.1555673002437419,1.1531517924017212,1.1536348939701253,1.1531517924017212,1.1517024876965087,1.5,14.493047052124286,9.662031368082857,103497.90451968076,100.0,56.118439365987115,0.0007767310484516621,0.0006031711777000446,0.0001735598707516175,0.000805169280673546,1.1503730725833914,1.1569822717121103,Downtrend,London,1.1551345586776733,1.1555349826812744,1.1546010971069336,1.1546010971069336,2194.786461085409,0.007993088111594913,0.01219926724040798,53.067814854682446,Pending,,,,,,
2026-04-06 10:00:00+00:00,EURUSD=X,1h,3mo,BUY,1.1546010971069336,1.1560023858218926,0.052002064883708954,0.04160165414214134,0.4557208716869354,1.1532721969684585,1.1565944473146461,1.1559299972454087,1.1565944473146461,1.1572588973838838,1.4999999999999165,19.933502077125187,13.289001384750865,75250.19909678845,100.0,55.586041516992246,0.00037933867702188984,-7.209288169329772e-05,0.0004514315587151876,0.0011074167820625338,1.149851464120146,1.1559603106105365,Strong Uptrend,London,1.155401587486267,1.1556684970855713,1.1546010971069336,1.1546010971069336,3927.6877796382514,0.0009327847210689477,0.0012434142439642984,45.046854082998664,Pending,,,,,,
2026-04-06 07:00:00+00:00,EURUSD=X,4h,6mo,BUY,1.1546010971069336,1.1592683704016338,0.48538288474082947,0.38830631971359253,0.4965238571166992,1.1507566677071777,1.1603677412065676,1.1584455265066895,1.1603677412065676,1.1622899559064455,1.500000000000029,57.66644099634011,38.44429399755933,26011.662486596473,100.0,51.77862761653598,-0.00023016637347761382,-5.944319918584123e-05,-0.0001707231742917726,0.002562952933170645,1.1491462647215052,1.1614059866174538,Uptrend,Tokyo,1.1536686420440674,1.157139539718628,1.1528706550598145,1.1546010971069336,18834.0322909857,0.006002473991186021,0.0064568422290516994,47.199999999999996,Pending,,,,,,
2026-04-06 10:45:00+00:00,EURUSD=X,15m,60d,STRONG BUY,1.1546010971069336,1.1613293198956853,0.5014380216598511,0.5014380216598511,0.4531899094581604,1.1540348234644064,1.1554505075707244,1.1551673707494607,1.1554505075707244,1.1562999180345153,1.500000000000196,8.49410463790834,5.662736425271486,176593.06824475015,100.0,50.05303489690044,0.0006102462411909926,0.0007798938331919731,-0.00016964759200098056,0.0005662736425271967,1.1525138980349166,1.1574777358571429,Downtrend,London,1.155401587486267,1.155401587486267,1.1546010971069336,1.1546010971069336,1386.128916078667,0.008913044471839538,0.013811617999300906,46.44642857142857,Pending,,,,,,
2026-04-06 10:30:00+00:00,EURUSD=X,30m,60d,STRONG SELL,1.1546010971069336,1.1320452467052604,-1.99884033203125,1.0,0.4595297574996948,1.1555673002437419,1.1531517924017212,1.1536348939701253,1.1531517924017212,1.1517024876965087,1.5,14.493047052124286,9.662031368082857,103497.90451968076,100.0,56.118439365987115,0.0007767310484516621,0.0006031711777000446,0.0001735598707516175,0.000805169280673546,1.1503730725833914,1.1569822717121103,Downtrend,London,1.1551345586776733,1.1555349826812744,1.1546010971069336,1.1546010971069336,2194.786461085409,0.007993088111594913,0.01219926724040798,53.067814854682446,Pending,,,,,,
2026-04-06 10:00:00+00:00,EURUSD=X,1h,3mo,BUY,1.1546010971069336,1.1560023858218926,0.052002064883708954,0.04160165414214134,0.4557208716869354,1.1532721969684585,1.1565944473146461,1.1559299972454087,1.1565944473146461,1.1572588973838838,1.4999999999999165,19.933502077125187,13.289001384750865,75250.19909678845,100.0,55.586041516992246,0.00037933867702188984,-7.209288169329772e-05,0.0004514315587151876,0.0011074167820625338,1.149851464120146,1.1559603106105365,Strong Uptrend,London,1.155401587486267,1.1556684970855713,1.1546010971069336,1.1546010971069336,3927.6877796382514,0.0009327847210689477,0.0012434142439642984,45.046854082998664,Pending,,,,,,
2026-04-06 07:00:00+00:00,EURUSD=X,4h,6mo,BUY,1.155001163482666,1.1592683704016338,0.48538288474082947,0.38830631971359253,0.4965238571166992,1.15115673408291,1.1607678075823,1.158845592882422,1.1607678075823,1.1626900222821779,1.500000000000029,57.66644099634011,38.44429399755933,26011.662486596473,100.0,52.7675773335329,-0.0001982522466386083,-5.3060373818040125e-05,-0.00014519187282056818,0.002562952933170645,1.1491726019948034,1.1614196559817285,Uptrend,Tokyo,1.1536686420440674,1.157139539718628,1.1528706550598145,1.155001163482666,18487.564850232488,0.006002473991186021,0.0064568422290516994,47.199999999999996,Pending,,,,,,
2026-04-06 10:45:00+00:00,GBPUSD=X,15m,60d,STRONG SELL,1.3246488571166992,1.3132351607374986,-0.876351535320282,0.876351535320282,0.523568332195282,1.3252775034923308,1.323705887553252,1.3240202107410677,1.323705887553252,1.3227629179898048,1.5,9.429695634473045,6.286463756315364,159071.9423134195,100.0,61.46393705196851,0.0009499103199162029,0.0010397635747610347,-8.985325484483185e-05,0.0006286463756314794,1.320855857636803,1.3270229203440016,Downtrend,London,1.3248419761657715,1.3248419761657715,1.324213981628418,1.3246488571166992,619.8783317785378,0.010348866204454391,0.01422348161343802,50.32142857142857,Pending,,,,,,
2026-04-06 10:30:00+00:00,GBPUSD=X,30m,60d,STRONG SELL,1.3246488571166992,1.3072032331326682,-1.3213176727294922,1.0,0.4929339289665222,1.3257189731991308,1.3230436829930519,1.3235787410342676,1.3230436829930519,1.3214385088694047,1.5,16.05174123647357,10.701160824315714,93447.80593594574,100.0,67.9173695450094,0.0011730270841057155,0.0008668498845640643,0.00030617719954165125,0.0008917634020262733,1.3184971314899814,1.3263693588740932,Strong Uptrend,London,1.3246700763702393,1.3249104022979736,1.324213981628418,1.3246488571166992,1217.1993904286842,0.014047909772777869,0.01681817174504489,51.48905633297453,Pending,,,,,,
2026-04-06 10:00:00+00:00,GBPUSD=X,1h,3mo,SELL,1.3246488571166992,1.3238532052193364,-0.05186121538281441,0.041488971561193466,0.5056273937225342,1.3261743534947603,1.3223606125496077,1.3231233607386381,1.3223606125496077,1.3215978643605772,1.4999999999999272,22.882445670915352,15.254963780610975,65552.433580406,100.0,64.04463878945172,0.0006106734272728342,-6.745753644062918e-05,0.0006781309637134634,0.0012712469817174894,1.3168771094918372,1.3252185278296351,Strong Uptrend,London,1.324720859527588,1.325263261795044,1.324213981628418,1.3246488571166992,3130.385037712185,0.0023842176195240546,0.0034504967089751546,49.531459170013385,Pending,,,,,,
2026-04-06 07:00:00+00:00,GBPUSD=X,4h,6mo,BUY,1.3246488571166992,1.3248811081862186,0.22726303339004517,0.1818104237318039,0.5198395848274231,1.3196233524625989,1.3321871140978498,1.3296743617707996,1.3321871140978498,1.3346998664249001,1.5000000000000222,75.38256981150626,50.25504654100343,19898.49913250191,100.0,51.67964027304173,-0.0013303075055883795,-0.0015380844800779027,0.00020777697448952316,0.0033503364360669414,1.3159789367443795,1.332512338566137,Uptrend,Tokyo,1.3218927383422852,1.3258326053619385,1.3210458755493164,1.3246488571166992,17087.215806054945,0.0035750065337671086,0.004410724969631721,50.59920106524633,Pending,,,,,,
2026-04-06 10:45:00+00:00,GBPUSD=X,15m,60d,STRONG SELL,1.3246488571166992,1.3132351607374986,-0.876351535320282,0.876351535320282,0.523568332195282,1.3252775034923308,1.323705887553252,1.3240202107410677,1.323705887553252,1.3227629179898048,1.5,9.429695634473045,6.286463756315364,159071.9423134195,100.0,61.46393705196851,0.0009499103199162029,0.0010397635747610347,-8.985325484483185e-05,0.0006286463756314794,1.320855857636803,1.3270229203440016,Downtrend,London,1.3248419761657715,1.3248419761657715,1.324213981628418,1.3246488571166992,619.8783317785378,0.010348866204454391,0.01422348161343802,50.32142857142857,Pending,,,,,,
2026-04-06 10:30:00+00:00,GBPUSD=X,30m,60d,STRONG SELL,1.3248770236968994,1.3072032331326682,-1.3213176727294922,1.0,0.4929339289665222,1.325947139779331,1.323271849573252,1.3238069076144678,1.323271849573252,1.321666675449605,1.5,16.05174123647357,10.701160824315714,93447.80593594574,100.0,69.35738683159886,0.0011912284067425727,0.0008704901490914357,0.00032073825765113696,0.0008917634020262733,1.3184816882283783,1.3264076187937166,Strong Uptrend,London,1.3246700763702393,1.3249104022979736,1.324213981628418,1.3248770236968994,1124.2994548756278,0.014047909772777869,0.01681817174504489,51.48905633297453,Pending,,,,,,
2026-04-06 10:00:00+00:00,GBPUSD=X,1h,3mo,SELL,1.3248770236968994,1.3238532052193364,-0.05186121538281441,0.041488971561193466,0.5056273937225342,1.3264025200749605,1.3225887791298079,1.3233515273188383,1.3225887791298079,1.3218260309407774,1.4999999999999272,22.882445670915352,15.254963780610975,65552.433580406,100.0,64.87384416211964,0.0006288747499099134,-6.381727191321336e-05,0.0006926920218231268,0.0012712469817174894,1.3168481272495016,1.3252703267299906,Strong Uptrend,London,1.324720859527588,1.325263261795044,1.324213981628418,1.3248770236968994,3037.4851021591285,0.0023842176195240546,0.0034504967089751546,49.531459170013385,Pending,,,,,,
2026-04-06 07:00:00+00:00,GBPUSD=X,4h,6mo,BUY,1.3248770236968994,1.3248811081862186,0.22726303339004517,0.1818104237318039,0.5198395848274231,1.319851519042799,1.33241528067805,1.3299025283509998,1.33241528067805,1.3349280330051003,1.5000000000000222,75.38256981150626,50.25504654100343,19898.49913250191,100.0,52.107217155779985,-0.0013121061829513003,-0.001534444215550487,0.00022233803259918668,0.0033503364360669414,1.3159875214616303,1.332526570506906,Uptrend,Tokyo,1.3218927383422852,1.3258326053619385,1.3210458755493164,1.3248770236968994,16994.315870501887,0.0035750065337671086,0.004410724969631721,50.59920106524633,Pending,,,,,,
2026-04-06 10:30:00+00:00,GC=F,15m,60d,SELL,4717.7998046875,4698.417476177216,-0.3728247582912445,0.29825982451438904,0.5521658658981323,4729.4249166475365,4700.362136747444,4706.1746927274635,4700.362136747444,4694.549580767426,1.5000000000000782,1743.766794005569,1162.511196003652,8.602067691370936,100.0,59.556103388935846,11.61089690209883,11.937064178502535,-0.32616727640370513,11.625111960036906,4667.152613348636,4742.947337823239,Downtrend,London,4715.7001953125,4720.10009765625,4714.0,4717.7998046875,392.0,19.326799923099166,24.510636420098223,49.92104669524024,Pending,,,,,,
2026-04-06 10:30:00+00:00,GC=F,30m,60d,HOLD,4718.0,4715.467042922974,-0.011302158236503601,0.0,0.561094343662262,0.0,0.0,0.0,0.0,0.0,1.0,471800.0,471800.0,0.0211954217888936,100.0,58.54958736850855,12.925497058220571,8.916535889845635,4.008961168374936,19.36160849606726,4644.113154962376,4737.256864568874,Strong Uptrend,London,4715.7001953125,4720.10009765625,4714.0,4718.0,392.0,15.19748374841883,23.868876033082636,49.43310657596372,Ignored,,,,,,
2026-04-06 10:00:00+00:00,GC=F,1h,3mo,HOLD,4718.0,4719.290264660813,-0.012916537933051586,0.0,0.5170667171478271,0.0,0.0,0.0,0.0,0.0,1.0,471800.0,471800.0,0.0211954217888936,100.0,57.282453861834306,4.986744895970332,-2.8507804135067243,7.837525309477057,31.053107378152372,4639.521481401909,4733.3284697699655,Uptrend,London,4720.0,4723.89990234375,4712.2001953125,4718.0,1407.0,16.890975362044024,27.278709315036927,47.011661807580175,Ignored,,,,,,
2026-04-06 08:00:00+00:00,GC=F,4h,6mo,BUY,4718.0,4725.316671967506,0.3145436644554138,0.25163495540618896,0.5181711912155151,4618.376375387454,4867.4354369188195,4817.623624612546,4867.4354369188195,4917.247249225093,1.5,14943.54369188195,9962.362461254634,1.0037779732359413,100.0,55.968287372899084,26.717516055575288,35.60161920492989,-8.884103149354601,66.41574974169755,4594.047568719697,4821.062392217803,Strong Uptrend,Tokyo,4710.39990234375,4733.10009765625,4704.7001953125,4718.0,8083.0,38.65803212132814,49.7415950095312,52.11459754433834,Pending,,,,,,
2026-04-06 10:30:00+00:00,GC=F,15m,60d,SELL,4718.0,4698.417476177216,-0.3728247582912445,0.29825982451438904,0.5521658658981323,4729.6251119600365,4700.562332059944,4706.3748880399635,4700.562332059944,4694.749776079926,1.5000000000000782,1743.766794005569,1162.511196003652,8.602067691370936,100.0,59.64885504859099,11.626866898536719,11.940258177790112,-0.31339127925339305,11.625111960036906,4667.149054713938,4742.970915989186,Downtrend,London,4715.7001953125,4720.10009765625,4714.0,4718.0,392.0,19.326799923099166,24.510636420098223,49.92104669524024,Pending,,,,,,
2026-04-06 10:30:00+00:00,GC=F,30m,60d,HOLD,4718.0,4715.467042922974,-0.011302158236503601,0.0,0.561094343662262,0.0,0.0,0.0,0.0,0.0,1.0,471800.0,471800.0,0.0211954217888936,100.0,58.54958736850855,12.925497058220571,8.916535889845635,4.008961168374936,19.36160849606726,4644.113154962376,4737.256864568874,Strong Uptrend,London,4715.7001953125,4720.10009765625,4714.0,4718.0,392.0,15.19748374841883,23.868876033082636,49.43310657596372,Ignored,,,,,,
2026-04-06 10:00:00+00:00,GC=F,1h,3mo,HOLD,4718.0,4719.290264660813,-0.012916537933051586,0.0,0.5170667171478271,0.0,0.0,0.0,0.0,0.0,1.0,471800.0,471800.0,0.0211954217888936,100.0,57.282453861834306,4.986744895970332,-2.8507804135067243,7.837525309477057,31.053107378152372,4639.521481401909,4733.3284697699655,Uptrend,London,4720.0,4723.89990234375,4712.2001953125,4718.0,1407.0,16.890975362044024,27.278709315036927,47.011661807580175,Ignored,,,,,,
2026-04-06 08:00:00+00:00,GC=F,4h,6mo,BUY,4718.0,4725.316671967506,0.3145436644554138,0.25163495540618896,0.5181711912155151,4618.376375387454,4867.4354369188195,4817.623624612546,4867.4354369188195,4917.247249225093,1.5,14943.54369188195,9962.362461254634,1.0037779732359413,100.0,55.968287372899084,26.717516055575288,35.60161920492989,-8.884103149354601,66.41574974169755,4594.047568719697,4821.062392217803,Strong Uptrend,Tokyo,4710.39990234375,4733.10009765625,4704.7001953125,4718.0,8083.0,38.65803212132814,49.7415950095312,52.11459754433834,Pending,,,,,,
2026-04-06 10:45:00+00:00,BTC-USD,15m,60d,SELL,69738.796875,69718.93182096863,-0.22035329043865204,0.17628264427185059,0.4996975362300873,69911.98277058407,69479.01803162388,69565.61097941593,69479.01803162388,69392.42508383184,1.500000000000042,25977.884337611613,17318.589558407257,0.5774142268499879,100.0,62.458808484614934,241.02082492757472,206.86646715049272,34.154357777082,173.18589558407652,68614.71744912156,70096.42942587845,Strong Uptrend,London,69873.5625,69873.5625,69738.796875,69738.796875,51867648.0,225.23927933919887,288.52550073969934,50.149621545502555,Pending,,,,,,
2026-04-06 10:30:00+00:00,BTC-USD,30m,60d,SELL,69738.796875,69425.97390951356,-0.4602595269680023,0.3682076334953308,0.4985661208629608,70045.93091974332,69278.09580788501,69431.66283025668,69278.09580788501,69124.52878551335,1.5000000000000473,46070.1067114991,30713.404474331765,0.32559073704633884,100.0,70.33769749551266,408.5544411466253,394.6652216692731,13.889219477352242,255.94503728610252,68597.31937650626,69829.14468599373,Strong Uptrend,London,69760.671875,69907.7109375,69738.796875,69738.796875,353939456.0,372.09904310648494,452.01806441516896,49.557835160948,Pending,,,,,,
2026-04-06 10:00:00+00:00,BTC-USD,1h,3mo,SELL,69738.796875,69681.00928439526,-0.07653598487377167,0.06122878938913345,0.5052280426025391,70148.84031203906,69123.7317194414,69328.75343796094,69123.7317194414,68918.71000092187,1.5000000000000178,61506.51555585937,41004.34370390576,0.2438766017622537,100.0,77.05041107562705,602.684604369817,515.7250292056395,86.95957516417741,341.70286419921973,66744.027005191,70268.430026059,Strong Uptrend,London,69714.0390625,69907.7109375,69714.0390625,69738.796875,809095168.0,276.3772520743647,402.3621743804331,51.03092783505154,Pending,,,,,,
2026-04-06 08:00:00+00:00,BTC-USD,4h,6mo,HOLD,69743.0078125,69058.03365788981,-0.025534851476550102,0.0,0.5036699771881104,0.0,0.0,0.0,0.0,0.0,1.0,6974300.78125,6974300.78125,0.0014338354931413934,100.0,73.68314847373651,457.3439883918036,154.74695745424202,302.59703093756156,657.0109027216969,65718.15979367189,69268.7378625781,Strong Uptrend,Tokyo,69089.3203125,70132.9921875,69083.1171875,69743.0078125,4952639488.0,624.0516279993324,965.7211787795784,50.58252427184466,Ignored,,,,,,
2026-04-06 10:45:00+00:00,BTC-USD,15m,60d,SELL,69743.0078125,69718.93182096863,-0.22035329043865204,0.17628264427185059,0.4996975362300873,69916.19370808407,69483.22896912388,69569.82191691593,69483.22896912388,69396.63602133184,1.500000000000042,25977.884337611613,17318.589558407257,0.5774142268499879,100.0,62.617806296234605,241.356740169751,206.93365019892798,34.423089970823014,173.18589558407652,68614.49021225945,70097.07775649054,Strong Uptrend,London,69873.5625,69873.5625,69738.796875,69743.0078125,61677568.0,225.23927933919887,288.52550073969934,50.149621545502555,Pending,,,,,,
2026-04-06 10:30:00+00:00,BTC-USD,30m,60d,SELL,69743.0078125,69425.97390951356,-0.4602595269680023,0.3682076334953308,0.4985661208629608,70050.14185724332,69282.30674538501,69435.87376775668,69282.30674538501,69128.73972301335,1.5000000000000473,46070.1067114991,30713.404474331765,0.32559073704633884,100.0,70.48185906562703,408.8903563888016,394.73240471770833,14.157951671093258,255.94503728610252,68596.80896273202,69830.07619351799,Strong Uptrend,London,69760.671875,69907.7109375,69738.796875,69743.0078125,363749376.0,372.09904310648494,452.01806441516896,49.557835160948,Pending,,,,,,
2026-04-06 10:00:00+00:00,BTC-USD,1h,3mo,SELL,69743.0078125,69681.00928439526,-0.07653598487377167,0.06122878938913345,0.5052280426025391,70153.05124953906,69127.9426569414,69332.96437546094,69127.9426569414,68922.92093842187,1.5000000000000178,61506.51555585937,41004.34370390576,0.2438766017622537,100.0,77.08714274696085,603.0205196119932,515.7922122540748,87.22830735791842,341.70286419921973,66743.64762849835,70269.23049650164,Strong Uptrend,London,69714.0390625,69907.7109375,69714.0390625,69743.0078125,809095168.0,276.3772520743647,402.3621743804331,51.03092783505154,Pending,,,,,,
2026-04-06 08:00:00+00:00,BTC-USD,4h,6mo,HOLD,69743.0078125,69058.03365788981,-0.025534851476550102,0.0,0.5036699771881104,0.0,0.0,0.0,0.0,0.0,1.0,6974300.78125,6974300.78125,0.0014338354931413934,100.0,73.68314847373651,457.3439883918036,154.74695745424202,302.59703093756156,657.0109027216969,65718.15979367189,69268.7378625781,Strong Uptrend,Tokyo,69089.3203125,70132.9921875,69083.1171875,69743.0078125,4952639488.0,624.0516279993324,965.7211787795784,50.58252427184466,Ignored,,,,,,
2026-04-06 10:45:00+00:00,EURUSD=X,15m,60d,STRONG BUY,1.1552680730819702,1.1613293198956853,0.5014380216598511,0.5014380216598511,0.4531899094581604,1.154701799439443,1.156117483545761,1.1558343467244974,1.156117483545761,1.1569668940095519,1.500000000000196,8.49410463790834,5.662736425271486,176593.06824475015,100.0,58.15912535625013,0.0006634523018773653,0.0007905350453292477,-0.00012708274345188245,0.0005662736425271967,1.15255143758343,1.157506893906133,Downtrend,London,1.155401587486267,1.155401587486267,1.1546010971069336,1.1552680730819702,1039.6646016778059,0.008913044471839538,0.013811617999300906,46.44642857142857,Pending,,,,,,
2026-04-06 10:30:00+00:00,EURUSD=X,30m,60d,STRONG SELL,1.1552680730819702,1.1320449024483352,-1.9988709688186646,1.0,0.4595298171043396,1.1562342762187785,1.1538187683767578,1.154301869945162,1.1538187683767578,1.1523694636715454,1.5,14.493047052124286,9.662031368082857,103497.90451968076,100.0,61.976142044685986,0.0008299371091384788,0.0006138123898374078,0.000216124719301071,0.000805169280673546,1.1503567308567046,1.1570653110363007,Strong Uptrend,London,1.1551345586776733,1.1555349826812744,1.1546010971069336,1.1552680730819702,1848.3221466845475,0.007993073536053474,0.01219924499480286,53.067814854682446,Pending,,,,,,
2026-04-06 10:00:00+00:00,EURUSD=X,1h,3mo,BUY,1.1552680730819702,1.156002523556495,0.05201151221990585,0.04160921275615692,0.4557202160358429,1.1539391729434951,1.1572614232896827,1.1565969732204453,1.1572614232896827,1.1579258733589204,1.4999999999999165,19.933502077125187,13.289001384750865,75250.19909678845,100.0,59.858521725874624,0.00043254473770848456,-6.145166955597877e-05,0.0004939964072644633,0.0011074167820625338,1.1497981710821321,1.156080301246054,Strong Uptrend,London,1.155401587486267,1.1556684970855713,1.1546010971069336,1.1552680730819702,3581.2234652373904,0.0009328038666635233,0.0012434299729007546,45.046854082998664,Pending,,,,,,
2026-04-06 07:00:00+00:00,EURUSD=X,4h,6mo,BUY,1.1552680730819702,1.1592683704016338,0.48538288474082947,0.38830631971359253,0.4965238571166992,1.1514236436822143,1.1610347171816042,1.1591125024817261,1.1610347171816042,1.162956931881482,1.500000000000029,57.66644099634011,38.44429399755933,26011.662486596473,100.0,53.40511381450561,-0.0001769603127910191,-4.880198704852228e-05,-0.00012815832574249682,0.002562952933170645,1.1491874137916096,1.161431535144853,Uptrend,Tokyo,1.1536686420440674,1.157139539718628,1.1528706550598145,1.1552680730819702,18487.56797658484,0.006002473991186021,0.0064568422290516994,47.199999999999996,Pending,,,,,,
2026-04-06 10:45:00+00:00,EURUSD=X,15m,60d,STRONG BUY,1.1552680730819702,1.1613293198956853,0.5014380216598511,0.5014380216598511,0.4531899094581604,1.154701799439443,1.156117483545761,1.1558343467244974,1.156117483545761,1.1569668940095519,1.500000000000196,8.49410463790834,5.662736425271486,176593.06824475015,100.0,58.15912535625013,0.0006634523018773653,0.0007905350453292477,-0.00012708274345188245,0.0005662736425271967,1.15255143758343,1.157506893906133,Downtrend,London,1.155401587486267,1.155401587486267,1.1546010971069336,1.1552680730819702,1039.6646016778059,0.008913044471839538,0.013811617999300906,46.44642857142857,Pending,,,,,,
2026-04-06 10:30:00+00:00,EURUSD=X,30m,60d,STRONG SELL,1.1552680730819702,1.1320449024483352,-1.9988709688186646,1.0,0.4595298171043396,1.1562342762187785,1.1538187683767578,1.154301869945162,1.1538187683767578,1.1523694636715454,1.5,14.493047052124286,9.662031368082857,103497.90451968076,100.0,61.976142044685986,0.0008299371091384788,0.0006138123898374078,0.000216124719301071,0.000805169280673546,1.1503567308567046,1.1570653110363007,Strong Uptrend,London,1.1551345586776733,1.1555349826812744,1.1546010971069336,1.1552680730819702,1848.3221466845475,0.007993073536053474,0.01219924499480286,53.067814854682446,Pending,,,,,,
2026-04-06 10:00:00+00:00,EURUSD=X,1h,3mo,BUY,1.1552680730819702,1.156002523556495,0.05201151221990585,0.04160921275615692,0.4557202160358429,1.1539391729434951,1.1572614232896827,1.1565969732204453,1.1572614232896827,1.1579258733589204,1.4999999999999165,19.933502077125187,13.289001384750865,75250.19909678845,100.0,59.858521725874624,0.00043254473770848456,-6.145166955597877e-05,0.0004939964072644633,0.0011074167820625338,1.1497981710821321,1.156080301246054,Strong Uptrend,London,1.155401587486267,1.1556684970855713,1.1546010971069336,1.1552680730819702,3581.2234652373904,0.0009328038666635233,0.0012434299729007546,45.046854082998664,Pending,,,,,,
2026-04-06 07:00:00+00:00,EURUSD=X,4h,6mo,BUY,1.1552680730819702,1.1592683704016338,0.48538288474082947,0.38830631971359253,0.4965238571166992,1.1514236436822143,1.1610347171816042,1.1591125024817261,1.1610347171816042,1.162956931881482,1.500000000000029,57.66644099634011,38.44429399755933,26011.662486596473,100.0,53.40511381450561,-0.0001769603127910191,-4.880198704852228e-05,-0.00012815832574249682,0.002562952933170645,1.1491874137916096,1.161431535144853,Uptrend,Tokyo,1.1536686420440674,1.157139539718628,1.1528706550598145,1.1552680730819702,18487.56797658484,0.006002473991186021,0.0064568422290516994,47.199999999999996,Pending,,,,,,
2026-04-06 10:45:00+00:00,GBPUSD=X,15m,60d,STRONG SELL,1.324594497680664,1.3132351607374986,-0.876349925994873,0.876349925994873,0.5235684514045715,1.3252274100458716,1.3236451291328528,1.3239615853154565,1.3236451291328528,1.3226957605850413,1.4999999999998246,9.493685478112468,6.329123652075719,157999.75714995502,100.0,60.81964702004661,0.0009455739546484487,0.001038896301707484,-9.332234705903522e-05,0.0006329123652075467,1.3208555510055187,1.3270177910316823,Downtrend,London,1.3248419761657715,1.3249051570892334,1.324213981628418,1.324594497680664,1025.3255681173255,0.010349802810545941,0.014224676545250007,50.32142857142857,Pending,,,,,,
2026-04-06 10:30:00+00:00,GBPUSD=X,30m,60d,STRONG SELL,1.324594497680664,1.307197627066543,-1.3217370510101318,1.0,0.49293094873428345,1.3256646137630956,1.3229893235570167,1.3235243815982325,1.3229893235570167,1.3213841494333696,1.5,16.05174123647357,10.701160824315714,93447.80593594574,100.0,67.346495746199,0.0011686907188379614,0.0008659826115105134,0.000302708107327448,0.0008917634020262733,1.3185004665657674,1.326360587854704,Strong Uptrend,London,1.3246700763702393,1.3249104022979736,1.324213981628418,1.324594497680664,1622.6466267674718,0.014049838056113182,0.016820346141753213,51.45317545748116,Pending,,,,,,
2026-04-06 10:00:00+00:00,GBPUSD=X,1h,3mo,SELL,1.324594497680664,1.3238532052193364,-0.05186121538281441,0.041488971561193466,0.5056273937225342,1.3261199940587252,1.3223062531135725,1.323069001302603,1.3223062531135725,1.321543504924542,1.4999999999999272,22.882445670915352,15.254963780610975,65552.433580406,100.0,63.84127788417371,0.0006063370620050801,-6.832480949418003e-05,0.0006746618714992601,0.0012712469817174894,1.3168837215611726,1.325206479816696,Strong Uptrend,London,1.324720859527588,1.325263261795044,1.324213981628418,1.324594497680664,3535.8322740509725,0.0023842176195240546,0.0034504967089751546,49.531459170013385,Pending,,,,,,
2026-04-06 07:00:00+00:00,GBPUSD=X,4h,6mo,BUY,1.324594497680664,1.3248678714646758,0.22626224160194397,0.18100978434085846,0.519827127456665,1.3195689930265637,1.3321327546618147,1.3296200023347644,1.3321327546618147,1.334645506988865,1.5000000000000222,75.38256981150626,50.25504654100343,19898.49913250191,100.0,51.57664389818649,-0.0013346438708561337,-0.0015389517531314537,0.00020430788227532,0.0033503364360669414,1.3159767151204385,1.3325091242464744,Uptrend,Tokyo,1.3218927383422852,1.3258326053619385,1.3210458755493164,1.324594497680664,17492.663042393728,0.0035685314326803215,0.004404046601286218,50.66666666666667,Pending,,,,,,
2026-04-06 10:45:00+00:00,GBPUSD=X,15m,60d,STRONG SELL,1.324594497680664,1.3132351607374986,-0.876349925994873,0.876349925994873,0.5235684514045715,1.3252274100458716,1.3236451291328528,1.3239615853154565,1.3236451291328528,1.3226957605850413,1.4999999999998246,9.493685478112468,6.329123652075719,157999.75714995502,100.0,60.81964702004661,0.0009455739546484487,0.001038896301707484,-9.332234705903522e-05,0.0006329123652075467,1.3208555510055187,1.3270177910316823,Downtrend,London,1.3248419761657715,1.3249051570892334,1.324213981628418,1.324594497680664,1025.3255681173255,0.010349802810545941,0.014224676545250007,50.32142857142857,Pending,,,,,,
2026-04-06 10:30:00+00:00,GBPUSD=X,30m,60d,STRONG SELL,1.324594497680664,1.307197627066543,-1.3217370510101318,1.0,0.49293094873428345,1.3256646137630956,1.3229893235570167,1.3235243815982325,1.3229893235570167,1.3213841494333696,1.5,16.05174123647357,10.701160824315714,93447.80593594574,100.0,67.346495746199,0.0011686907188379614,0.0008659826115105134,0.000302708107327448,0.0008917634020262733,1.3185004665657674,1.326360587854704,Strong Uptrend,London,1.3246700763702393,1.3249104022979736,1.324213981628418,1.324594497680664,1622.6466267674718,0.014049838056113182,0.016820346141753213,51.45317545748116,Pending,,,,,,
2026-04-06 10:00:00+00:00,GBPUSD=X,1h,3mo,SELL,1.3244717121124268,1.3238532052193364,-0.05186121538281441,0.041488971561193466,0.5056273937225342,1.3259972084904879,1.3221834675453352,1.3229462157343657,1.3221834675453352,1.3214207193563048,1.4999999999999272,22.882445670915352,15.254963780610975,65552.433580406,100.0,63.183210521333535,0.0005965422018610056,-7.028378152299492e-05,0.0006668259833840005,0.0012712469817174894,1.316898235043017,1.325179687778028,Strong Uptrend,London,1.324720859527588,1.325263261795044,1.324213981628418,1.3244717121124268,3721.234311326054,0.0023849941783370024,0.003450455151144854,49.56463496316142,Pending,,,,,,
2026-04-06 07:00:00+00:00,GBPUSD=X,4h,6mo,BUY,1.3244717121124268,1.3248678714646758,0.22626224160194397,0.18100978434085846,0.519827127456665,1.3194462074583264,1.3320099690935774,1.329497216766527,1.3320099690935774,1.3345227214206277,1.5000000000000222,75.38256981150626,50.25504654100343,19898.49913250191,100.0,51.342374764499986,-0.0013444387310004302,-0.0015409107251603128,0.0001964719941598826,0.0033503364360669414,1.3159714470849546,1.3325021137251345,Uptrend,Tokyo,1.3218927383422852,1.3258326053619385,1.3210458755493164,1.3244717121124268,17678.06507966881,0.0035685314326803215,0.004404046601286218,50.66666666666667,Pending,,,,,,
2026-04-06 10:45:00+00:00,GC=F,15m,60d,SELL,4718.39990234375,4703.68656006956,-0.3793945014476776,0.30351561307907104,0.5525305867195129,4730.298199666016,4700.55245636035,4706.501605021484,4700.55245636035,4694.603307699217,1.5,1784.7445983399666,1189.8297322266444,8.404563887713602,100.0,59.00964351965641,11.285458878609461,11.855248282341527,-0.5697894037320665,11.898297322266412,4670.710383482741,4743.759587220384,Downtrend,London,4722.0,4722.2998046875,4710.10009765625,4718.39990234375,508.0,19.33399921064219,24.51746761608024,49.887235002255295,Pending,,,,,,
2026-04-06 10:30:00+00:00,GC=F,30m,60d,HOLD,4718.2001953125,4715.467042922974,-0.011302158236503601,0.0,0.561094343662262,0.0,0.0,0.0,0.0,0.0,1.0,471820.01953125,471820.01953125,0.021194522457811206,100.0,58.60180870714993,12.94146705465937,8.919729889133395,4.021737165525975,19.89017294919226,4644.099605509296,4737.290433553204,Strong Uptrend,London,4715.7001953125,4723.60009765625,4710.10009765625,4718.2001953125,1137.0,15.19748374841883,23.868876033082636,49.43310657596372,Ignored,,,,,,
2026-04-06 10:00:00+00:00,GC=F,1h,3mo,HOLD,4719.2001953125,4719.290264660813,-0.012916537933051586,0.0,0.5170667171478271,0.0,0.0,0.0,0.0,0.0,1.0,471920.01953125,471920.01953125,0.02119003133186176,100.0,57.6343849813321,5.082486972181869,-2.8316319982644167,7.914118970446285,31.203114353598803,4639.417268875608,4733.552701827517,Uptrend,London,4720.0,4723.89990234375,4710.10009765625,4719.2001953125,2152.0,16.89661731872224,27.287286409080327,46.97301239970824,Ignored,,,,,,
2026-04-06 08:00:00+00:00,GC=F,4h,6mo,BUY,4720.0,4725.316671967506,0.3145436644554138,0.25163495540618896,0.5181711912155151,4620.376375387454,4869.4354369188195,4819.623624612546,4869.4354369188195,4919.247249225093,1.5,14943.54369188195,9962.362461254634,1.0037779732359413,100.0,56.14945542568031,26.877060215119855,35.633528036838804,-8.75646782171895,66.41574974169755,4594.107419783514,4821.202541153986,Strong Uptrend,Tokyo,4710.39990234375,4733.10009765625,4704.7001953125,4720.0,8828.0,38.657993120400725,49.7415768256971,52.11459754433834,Pending,,,,,,
2026-04-06 10:45:00+00:00,GC=F,15m,60d,SELL,4720.0,4703.68656006956,-0.3793945014476776,0.30351561307907104,0.5525305867195129,4731.898297322266,4702.1525540166,4708.101702677734,4702.1525540166,4696.203405355467,1.5,1784.7445983399666,1189.8297322266444,8.404563887713602,100.0,60.10753995930567,11.413101996487057,11.880776905917047,-0.4676749094299897,11.898297322266412,4670.686053803448,4743.943926665302,Downtrend,London,4722.0,4722.2998046875,4710.10009765625,4720.0,508.0,19.33399921064219,24.51746761608024,49.887235002255295,Pending,,,,,,
2026-04-06 10:30:00+00:00,GC=F,30m,60d,HOLD,4720.0,4715.467042922974,-0.011302158236503601,0.0,0.561094343662262,0.0,0.0,0.0,0.0,0.0,1.0,472000.0,472000.0,0.0211864406779661,100.0,59.06544844673485,13.085041217764228,8.948444721754367,4.136596496009862,19.89017294919226,4643.9710198478115,4737.598999683438,Strong Uptrend,London,4715.7001953125,4723.60009765625,4710.10009765625,4720.0,1137.0,15.19748374841883,23.868876033082636,49.43310657596372,Ignored,,,,,,
2026-04-06 10:00:00+00:00,GC=F,1h,3mo,HOLD,4720.0,4719.290264660813,-0.012916537933051586,0.0,0.5170667171478271,0.0,0.0,0.0,0.0,0.0,1.0,472000.0,472000.0,0.0211864406779661,100.0,57.86322986563482,5.146289055514899,-2.8188715815978105,7.965160637112709,31.203114353598803,4639.344918504556,4733.70503266732,Uptrend,London,4720.0,4723.89990234375,4710.10009765625,4720.0,2152.0,16.89661731872224,27.287286409080327,46.97301239970824,Ignored,,,,,,
2026-04-06 08:00:00+00:00,GC=F,4h,6mo,BUY,4719.7998046875,4725.316671967506,0.3145436644554138,0.25163495540618896,0.5181711912155151,4620.176180074954,4869.2352416063195,4819.423429300046,4869.2352416063195,4919.047053912593,1.5,14943.54369188195,9962.362461254634,1.0037779732359413,100.0,56.13138810138023,26.861090218681056,35.630334037551044,-8.769243818869988,66.41574974169755,4594.10172966075,4821.188211745501,Strong Uptrend,Tokyo,4710.39990234375,4733.10009765625,4704.7001953125,4719.7998046875,8828.0,38.657993120400725,49.7415768256971,52.11459754433834,Pending,,,,,,
2026-04-06 10:45:00+00:00,BTC-USD,15m,60d,SELL,69730.765625,69717.14930827217,-0.2229054868221283,0.1783244013786316,0.4996934235095978,69905.01792683407,69469.38717224888,69556.51332316593,69469.38717224888,69382.26102133184,1.5000000000000417,26137.845275111613,17425.230183407257,0.573880510888301,100.0,62.1577899673411,240.3801554119127,206.73833324736034,33.641822164552366,174.25230183407652,68615.13893964447,70095.20481035553,Strong Uptrend,London,69873.5625,69873.5625,69723.8671875,69730.765625,183214080.0,225.17511028798927,288.46941332269733,50.149621545502555,Pending,,,,,,
2026-04-06 10:30:00+00:00,BTC-USD,30m,60d,SELL,69730.765625,69425.97390951356,-0.4602595269680023,0.3682076334953308,0.4985661208629608,70039.17935724332,69268.14502663501,69422.35189275668,69268.14502663501,69113.93816051335,1.5,46262.05983649852,30841.373224332347,0.3242397777577065,100.0,70.0643760171786,407.9137716309633,394.53708776614064,13.376683864822667,257.01144353610255,68598.28000182814,69827.38093567187,Strong Uptrend,London,69760.671875,69907.7109375,69723.8671875,69730.765625,414939136.0,371.90523238819645,451.6451218250248,49.557835160948,Pending,,,,,,
2026-04-06 10:00:00+00:00,BTC-USD,1h,3mo,SELL,69730.765625,69681.00928439526,-0.07653598487377167,0.06122878938913345,0.5052279829978943,70140.80906203906,69115.7004694414,69320.72218796094,69115.7004694414,68910.67875092187,1.5000000000000178,61506.51555585937,41004.34370390576,0.2438766017622537,100.0,76.90569869944368,602.0439348541549,515.5968953025072,86.44703955164778,341.70286419921973,66744.74580998895,70266.90809626105,Strong Uptrend,London,69714.0390625,69907.7109375,69714.0390625,69730.765625,783472640.0,276.37732167382455,402.41201344069543,51.00796999531176,Pending,,,,,,
2026-04-06 08:00:00+00:00,BTC-USD,4h,6mo,HOLD,69730.765625,69060.13756287191,-0.022489648312330246,0.0,0.5036731362342834,0.0,0.0,0.0,0.0,0.0,1.0,6973076.5625,6973076.5625,0.001434087222529331,100.0,73.61372539150571,456.36740363397985,154.5516405026773,301.81576313130256,657.0109027216969,65720.64490570717,69265.02853179282,Strong Uptrend,Tokyo,69089.3203125,70132.9921875,69083.1171875,69730.765625,4615161856.0,624.0404810767592,965.6982025062027,50.58252427184466,Ignored,,,,,,
2026-04-06 10:45:00+00:00,BTC-USD,15m,60d,SELL,69730.765625,69717.14930827217,-0.2229054868221283,0.1783244013786316,0.4996934235095978,69905.01792683407,69469.38717224888,69556.51332316593,69469.38717224888,69382.26102133184,1.5000000000000417,26137.845275111613,17425.230183407257,0.573880510888301,100.0,62.1577899673411,240.3801554119127,206.73833324736034,33.641822164552366,174.25230183407652,68615.13893964447,70095.20481035553,Strong Uptrend,London,69873.5625,69873.5625,69723.8671875,69730.765625,183214080.0,225.17511028798927,288.46941332269733,50.149621545502555,Pending,,,,,,
2026-04-06 10:30:00+00:00,BTC-USD,30m,60d,SELL,69730.765625,69425.97390951356,-0.4602595269680023,0.3682076334953308,0.4985661208629608,70039.17935724332,69268.14502663501,69422.35189275668,69268.14502663501,69113.93816051335,1.5,46262.05983649852,30841.373224332347,0.3242397777577065,100.0,70.0643760171786,407.9137716309633,394.53708776614064,13.376683864822667,257.01144353610255,68598.28000182814,69827.38093567187,Strong Uptrend,London,69760.671875,69907.7109375,69723.8671875,69730.765625,414939136.0,371.90523238819645,451.6451218250248,49.557835160948,Pending,,,,,,
2026-04-06 10:00:00+00:00,BTC-USD,1h,3mo,SELL,69730.765625,69681.00928439526,-0.07653598487377167,0.06122878938913345,0.5052279829978943,70140.80906203906,69115.7004694414,69320.72218796094,69115.7004694414,68910.67875092187,1.5000000000000178,61506.51555585937,41004.34370390576,0.2438766017622537,100.0,76.90569869944368,602.0439348541549,515.5968953025072,86.44703955164778,341.70286419921973,66744.74580998895,70266.90809626105,Strong Uptrend,London,69714.0390625,69907.7109375,69714.0390625,69730.765625,783472640.0,276.37732167382455,402.41201344069543,51.00796999531176,Pending,,,,,,
2026-04-06 08:00:00+00:00,BTC-USD,4h,6mo,HOLD,69730.765625,69060.13756287191,-0.022489648312330246,0.0,0.5036731362342834,0.0,0.0,0.0,0.0,0.0,1.0,6973076.5625,6973076.5625,0.001434087222529331,100.0,73.61372539150571,456.36740363397985,154.5516405026773,301.81576313130256,657.0109027216969,65720.64490570717,69265.02853179282,Strong Uptrend,Tokyo,69089.3203125,70132.9921875,69083.1171875,69730.765625,4615161856.0,624.0404810767592,965.6982025062027,50.58252427184466,Ignored,,,,,,
2026-04-06 11:30:00+00:00,GC=F,15m,60d,SELL,4716.5,4696.91960717726,-0.3813481330871582,0.30507850646972656,0.5538315773010254,4727.211984044103,4700.432023933845,4705.788015955897,4700.432023933845,4695.0760319117935,1.5000000000000848,1606.7976066155097,1071.1984044102792,9.335338774617801,100.0,57.474808453591464,8.87943060581074,10.65407901511252,-1.774648409301781,10.711984044103245,4681.18389864123,4742.606091593144,Downtrend,London,4714.89990234375,4716.7998046875,4713.7001953125,4716.5,35.0,19.339277803066715,24.51800734093864,49.89858012170386,Pending,,,,,,
2026-04-06 11:30:00+00:00,GC=F,30m,60d,HOLD,4716.7998046875,4714.612408721441,-0.006097904406487942,0.0,0.5605597496032715,0.0,0.0,0.0,0.0,0.0,1.0,471679.98046875,471679.98046875,0.02120081498914183,100.0,58.1885557822193,12.336866340161578,10.145695483695352,2.1911708564662256,18.154273307434906,4653.047482038808,4739.322488664317,Strong Uptrend,London,4714.89990234375,4716.7998046875,4713.7001953125,4716.7998046875,35.0,15.18099554379876,23.85967794140002,49.4789306751246,Ignored,,,,,,
2026-04-06 11:00:00+00:00,GC=F,1h,3mo,HOLD,4716.7998046875,4714.690761168196,-0.012916537933051586,0.0,0.5170667171478271,0.0,0.0,0.0,0.0,0.0,1.0,471679.98046875,471679.98046875,0.02120081498914183,100.0,56.8559597228911,6.080201167022096,-1.0990481287398257,7.179249295761922,29.817198540395317,4639.203921883704,4734.265999991295,Uptrend,London,4716.2998046875,4723.2001953125,4711.39990234375,4716.7998046875,662.0,16.887621017362754,27.27835992476776,47.011661807580175,Ignored,,,,,,
2026-04-06 08:00:00+00:00,GC=F,4h,6mo,BUY,4716.7998046875,4725.316671967506,0.3145436644554138,0.25163495540618896,0.5181711912155151,4617.176180074954,4866.2352416063195,4816.423429300046,4866.2352416063195,4916.047053912593,1.5,14943.54369188195,9962.362461254634,1.0037779732359413,100.0,55.8588483477796,26.62177397936466,35.58247078968777,-8.960696810323107,66.41574974169755,4594.008443812711,4820.981497593538,Strong Uptrend,Tokyo,4710.39990234375,4733.10009765625,4704.7001953125,4716.7998046875,9722.0,38.657993120400725,49.7415768256971,52.11459754433834,Pending,,,,,,
